{
  "experiment_name": "ham10000_ablation_clients_20",
  "config": "configs/ablations/ham10000_ablation_clients_20.yaml",
  "output_dir": "outputs/ham10000_ablation_clients_20",
  "seed": 2026,
  "classes": [
    "benign",
    "malignant"
  ],
  "rounds": 40,
  "batch_size": 128,
  "image_size": 224,
  "backbone": "resnet18",
  "learning_rate": 0.0001,
  "optimizer": "adam",
  "lr_scheduler": "none",
  "min_lr": 1e-06,
  "model_size_bytes": 44748712,
  "model_size_mb": 42.675697326660156,
  "best_val_accuracy": 0.8761329305135952,
  "best_val_round": 33,
  "test_accuracy_at_best_val": 0.8686058174523571,
  "test_f1_at_best_val": 0.7682929641831345,
  "test_auc_at_best_val": 0.8756312657816445,
  "test_balanced_accuracy_at_best_val": 0.7392091052276306,
  "test_sensitivity_at_best_val": 0.5223880597014925,
  "test_specificity_at_best_val": 0.9560301507537688,
  "test_confidence_accuracy_top30_at_best_val": 0.9833333333333333,
  "test_confidence_accuracy_top50_at_best_val": 0.9639278557114228,
  "test_confidence_accuracy_ge90_at_best_val": 0.9461077844311377,
  "test_confidence_coverage_ge90_at_best_val": 0.6700100300902708,
  "best_test_accuracy": 0.8686058174523571,
  "max_test_accuracy_observed": 0.8686058174523571,
  "test_selection_rule": "validation_best_accuracy_then_auc_then_f1",
  "threshold_tuning": true,
  "threshold_metric": "f1",
  "decision_threshold_at_best_val": 0.5399999999999999,
  "final_test_auc": 0.8801813795344883,
  "final_test_f1": 0.7574209245742092,
  "final_test_balanced_accuracy": 0.7335558388959724,
  "final_test_sensitivity": 0.5223880597014925,
  "final_test_specificity": 0.9447236180904522,
  "privacy_enabled": true,
  "mechanism": "hybrid",
  "privacy_accountant": "hybrid_gaussian_component_approx",
  "privacy_accountant_note": "当前展示的是 Hybrid 中 Gaussian 部分的近似 epsilon。",
  "adaptive_hybrid": true,
  "hybrid_gradient_adaptive": true,
  "hybrid_gradient_sensitivity_scale": 0.02,
  "final_mean_hybrid_alpha": 0.32678724957897715,
  "final_mean_epsilon": 111.63370130208952,
  "final_cumulative_epsilon": 4465.348052083577,
  "avg_round_time_sec": 35.374581241607665,
  "total_communication_bytes": 71597939200,
  "total_communication_mb": 68281.11572265625,
  "avg_round_communication_mb": 1707.0278930664062
}
