{
  "experiment_name": "ham10000_ablation_alpha_0_1",
  "config": "configs/ablations/ham10000_ablation_alpha_0_1.yaml",
  "output_dir": "outputs/ham10000_ablation_alpha_0_1",
  "seed": 2026,
  "classes": [
    "benign",
    "malignant"
  ],
  "rounds": 40,
  "batch_size": 128,
  "image_size": 224,
  "backbone": "resnet18",
  "learning_rate": 0.0001,
  "optimizer": "adam",
  "lr_scheduler": "none",
  "min_lr": 1e-06,
  "model_size_bytes": 44748712,
  "model_size_mb": 42.675697326660156,
  "best_val_accuracy": 0.8670694864048338,
  "best_val_round": 19,
  "test_accuracy_at_best_val": 0.8495486459378134,
  "test_f1_at_best_val": 0.7600011554608364,
  "test_auc_at_best_val": 0.8956098902472562,
  "test_balanced_accuracy_at_best_val": 0.7533063326583165,
  "test_sensitivity_at_best_val": 0.5920398009950248,
  "test_specificity_at_best_val": 0.914572864321608,
  "test_confidence_accuracy_top30_at_best_val": 0.9933333333333333,
  "test_confidence_accuracy_top50_at_best_val": 0.9839679358717435,
  "test_confidence_accuracy_ge90_at_best_val": 0.9324675324675324,
  "test_confidence_coverage_ge90_at_best_val": 0.7723169508525577,
  "best_test_accuracy": 0.8495486459378134,
  "max_test_accuracy_observed": 0.8736208625877633,
  "test_selection_rule": "validation_best_accuracy_then_auc_then_f1",
  "threshold_tuning": true,
  "threshold_metric": "f1",
  "decision_threshold_at_best_val": 0.48999999999999994,
  "final_test_auc": 0.8741031025775643,
  "final_test_f1": 0.7662784111812104,
  "final_test_balanced_accuracy": 0.7447373684342109,
  "final_test_sensitivity": 0.5472636815920398,
  "final_test_specificity": 0.9422110552763819,
  "privacy_enabled": true,
  "mechanism": "hybrid",
  "privacy_accountant": "hybrid_gaussian_component_approx",
  "privacy_accountant_note": "当前展示的是 Hybrid 中 Gaussian 部分的近似 epsilon。",
  "adaptive_hybrid": true,
  "hybrid_gradient_adaptive": true,
  "hybrid_gradient_sensitivity_scale": 0.02,
  "final_mean_hybrid_alpha": 0.25077804464397807,
  "final_mean_epsilon": 91.30565448070898,
  "final_cumulative_epsilon": 3652.2261792283603,
  "avg_round_time_sec": 22.108772867918013,
  "total_communication_bytes": 17899484800,
  "total_communication_mb": 17070.278930664062,
  "avg_round_communication_mb": 426.75697326660156
}
