{
  "experiment_name": "ham10000_ablation_clip_5_0",
  "config": "configs/ablations/ham10000_ablation_clip_5_0.yaml",
  "output_dir": "outputs/ham10000_ablation_clip_5_0",
  "seed": 2026,
  "classes": [
    "benign",
    "malignant"
  ],
  "rounds": 40,
  "batch_size": 128,
  "image_size": 224,
  "backbone": "resnet18",
  "learning_rate": 0.0001,
  "optimizer": "adam",
  "lr_scheduler": "none",
  "min_lr": 1e-06,
  "model_size_bytes": 44748712,
  "model_size_mb": 42.675697326660156,
  "best_val_accuracy": 0.8882175226586103,
  "best_val_round": 36,
  "test_accuracy_at_best_val": 0.8635907723169508,
  "test_f1_at_best_val": 0.7724386085041823,
  "test_auc_at_best_val": 0.8850690017250431,
  "test_balanced_accuracy_at_best_val": 0.7546626165654141,
  "test_sensitivity_at_best_val": 0.572139303482587,
  "test_specificity_at_best_val": 0.9371859296482412,
  "test_confidence_accuracy_top30_at_best_val": 0.9833333333333333,
  "test_confidence_accuracy_top50_at_best_val": 0.9719438877755511,
  "test_confidence_accuracy_ge90_at_best_val": 0.9319640564826701,
  "test_confidence_coverage_ge90_at_best_val": 0.7813440320962889,
  "best_test_accuracy": 0.8635907723169508,
  "max_test_accuracy_observed": 0.8796389167502507,
  "test_selection_rule": "validation_best_accuracy_then_auc_then_f1",
  "threshold_tuning": true,
  "threshold_metric": "f1",
  "decision_threshold_at_best_val": 0.36999999999999994,
  "final_test_auc": 0.9022038050951273,
  "final_test_f1": 0.7733154195948739,
  "final_test_balanced_accuracy": 0.749737493437336,
  "final_test_sensitivity": 0.5522388059701493,
  "final_test_specificity": 0.9472361809045227,
  "privacy_enabled": true,
  "mechanism": "hybrid",
  "privacy_accountant": "hybrid_gaussian_component_approx",
  "privacy_accountant_note": "当前展示的是 Hybrid 中 Gaussian 部分的近似 epsilon。",
  "adaptive_hybrid": true,
  "hybrid_gradient_adaptive": true,
  "hybrid_gradient_sensitivity_scale": 0.02,
  "final_mean_hybrid_alpha": 0.342034655328734,
  "final_mean_epsilon": 54.374894294275734,
  "final_cumulative_epsilon": 2174.995771771028,
  "avg_round_time_sec": 23.465630996227265,
  "total_communication_bytes": 17899484800,
  "total_communication_mb": 17070.278930664062,
  "avg_round_communication_mb": 426.75697326660156
}
