{
  "experiment_name": "ham10000_gaussian",
  "config": "configs/ham10000_gaussian.yaml",
  "output_dir": "outputs/ham10000_gaussian",
  "seed": 2026,
  "classes": [
    "benign",
    "malignant"
  ],
  "rounds": 40,
  "batch_size": 128,
  "image_size": 224,
  "backbone": "resnet18",
  "learning_rate": 0.0001,
  "optimizer": "adam",
  "lr_scheduler": "none",
  "min_lr": 1e-06,
  "model_size_bytes": 44748712,
  "model_size_mb": 42.675697326660156,
  "best_val_accuracy": 0.8841893252769386,
  "best_val_round": 24,
  "test_accuracy_at_best_val": 0.8836509528585758,
  "test_f1_at_best_val": 0.7999044956261765,
  "test_auc_at_best_val": 0.8945536138403462,
  "test_balanced_accuracy_at_best_val": 0.7728036950923773,
  "test_sensitivity_at_best_val": 0.5870646766169154,
  "test_specificity_at_best_val": 0.9585427135678392,
  "test_confidence_accuracy_top30_at_best_val": 0.9833333333333333,
  "test_confidence_accuracy_top50_at_best_val": 0.9679358717434869,
  "test_confidence_accuracy_ge90_at_best_val": 0.9471488178025035,
  "test_confidence_coverage_ge90_at_best_val": 0.7211634904714143,
  "best_test_accuracy": 0.8836509528585758,
  "max_test_accuracy_observed": 0.8846539618856569,
  "test_selection_rule": "validation_best_accuracy_then_auc_then_f1",
  "threshold_tuning": true,
  "threshold_metric": "f1",
  "decision_threshold_at_best_val": 0.4599999999999999,
  "final_test_auc": 0.8815095377384434,
  "final_test_f1": 0.7753001598120501,
  "final_test_balanced_accuracy": 0.7534563364084101,
  "final_test_sensitivity": 0.5621890547263682,
  "final_test_specificity": 0.9447236180904522,
  "privacy_enabled": true,
  "mechanism": "gaussian",
  "privacy_accountant": "gaussian_approx",
  "privacy_accountant_note": "当前展示的是 Gaussian 机制的近似 epsilon。",
  "adaptive_hybrid": false,
  "hybrid_gradient_adaptive": true,
  "hybrid_gradient_sensitivity_scale": 0.02,
  "final_mean_hybrid_alpha": null,
  "final_mean_epsilon": 54.374894294275734,
  "final_cumulative_epsilon": 2174.995771771028,
  "avg_round_time_sec": 21.980852937698366,
  "total_communication_bytes": 17899484800,
  "total_communication_mb": 17070.278930664062,
  "avg_round_communication_mb": 426.75697326660156
}
