{
  "experiment_name": "ham10000_hybrid_alpha_10",
  "config": "configs/ham10000_hybrid_alpha_10.yaml",
  "output_dir": "outputs/ham10000_hybrid_alpha_10",
  "seed": 2026,
  "classes": [
    "benign",
    "malignant"
  ],
  "rounds": 40,
  "batch_size": 128,
  "image_size": 224,
  "backbone": "resnet18",
  "learning_rate": 0.0001,
  "optimizer": "adam",
  "lr_scheduler": "none",
  "min_lr": 1e-06,
  "model_size_bytes": 44748712,
  "model_size_mb": 42.675697326660156,
  "best_val_accuracy": 0.8902316213494461,
  "best_val_round": 32,
  "test_accuracy_at_best_val": 0.8686058174523571,
  "test_f1_at_best_val": 0.7693649753749384,
  "test_auc_at_best_val": 0.8973443086077153,
  "test_balanced_accuracy_at_best_val": 0.7410685267131678,
  "test_sensitivity_at_best_val": 0.527363184079602,
  "test_specificity_at_best_val": 0.9547738693467337,
  "test_confidence_accuracy_top30_at_best_val": 0.9966666666666667,
  "test_confidence_accuracy_top50_at_best_val": 0.9839679358717435,
  "test_confidence_accuracy_ge90_at_best_val": 0.9507959479015919,
  "test_confidence_coverage_ge90_at_best_val": 0.6930792377131394,
  "best_test_accuracy": 0.8686058174523571,
  "max_test_accuracy_observed": 0.8706118355065195,
  "test_selection_rule": "validation_best_accuracy_then_auc_then_f1",
  "threshold_tuning": true,
  "threshold_metric": "f1",
  "decision_threshold_at_best_val": 0.7599999999999999,
  "final_test_auc": 0.8947129928248206,
  "final_test_f1": 0.7623991353499551,
  "final_test_balanced_accuracy": 0.7453155078876972,
  "final_test_sensitivity": 0.5572139303482587,
  "final_test_specificity": 0.9334170854271356,
  "privacy_enabled": true,
  "mechanism": "hybrid",
  "privacy_accountant": "hybrid_gaussian_component_approx",
  "privacy_accountant_note": "当前展示的是 Hybrid 中 Gaussian 部分的近似 epsilon。",
  "adaptive_hybrid": false,
  "hybrid_gradient_adaptive": true,
  "hybrid_gradient_sensitivity_scale": 0.02,
  "final_mean_hybrid_alpha": 0.7,
  "final_mean_epsilon": 46.93219062926938,
  "final_cumulative_epsilon": 1877.287625170775,
  "avg_round_time_sec": 21.910990220308303,
  "total_communication_bytes": 17899484800,
  "total_communication_mb": 17070.278930664062,
  "avg_round_communication_mb": 426.75697326660156
}
