{
  "experiment_name": "ham10000_ablation_clip_10_0",
  "config": "configs/ablations/ham10000_ablation_clip_10_0.yaml",
  "output_dir": "outputs/ham10000_ablation_clip_10_0",
  "seed": 2026,
  "classes": [
    "benign",
    "malignant"
  ],
  "rounds": 40,
  "batch_size": 128,
  "image_size": 224,
  "backbone": "resnet18",
  "learning_rate": 0.0001,
  "optimizer": "adam",
  "lr_scheduler": "none",
  "min_lr": 1e-06,
  "model_size_bytes": 44748712,
  "model_size_mb": 42.675697326660156,
  "best_val_accuracy": 0.8851963746223565,
  "best_val_round": 19,
  "test_accuracy_at_best_val": 0.8665997993981945,
  "test_f1_at_best_val": 0.7602641774827206,
  "test_auc_at_best_val": 0.898291207280182,
  "test_balanced_accuracy_at_best_val": 0.7286557163929098,
  "test_sensitivity_at_best_val": 0.4975124378109453,
  "test_specificity_at_best_val": 0.9597989949748744,
  "test_confidence_accuracy_top30_at_best_val": 0.9966666666666667,
  "test_confidence_accuracy_top50_at_best_val": 0.9839679358717435,
  "test_confidence_accuracy_ge90_at_best_val": 0.9446022727272727,
  "test_confidence_coverage_ge90_at_best_val": 0.7061183550651956,
  "best_test_accuracy": 0.8665997993981945,
  "max_test_accuracy_observed": 0.8746238716148446,
  "test_selection_rule": "validation_best_accuracy_then_auc_then_f1",
  "threshold_tuning": true,
  "threshold_metric": "f1",
  "decision_threshold_at_best_val": 0.57,
  "final_test_auc": 0.8984505862646567,
  "final_test_f1": 0.7751656095842142,
  "final_test_balanced_accuracy": 0.7466717917947949,
  "final_test_sensitivity": 0.5373134328358209,
  "final_test_specificity": 0.9560301507537688,
  "privacy_enabled": true,
  "mechanism": "hybrid",
  "privacy_accountant": "hybrid_gaussian_component_approx",
  "privacy_accountant_note": "当前展示的是 Hybrid 中 Gaussian 部分的近似 epsilon。",
  "adaptive_hybrid": true,
  "hybrid_gradient_adaptive": true,
  "hybrid_gradient_sensitivity_scale": 0.02,
  "final_mean_hybrid_alpha": 0.3423700924475087,
  "final_mean_epsilon": 54.374894294275734,
  "final_cumulative_epsilon": 2174.995771771028,
  "avg_round_time_sec": 23.049726045131685,
  "total_communication_bytes": 17899484800,
  "total_communication_mb": 17070.278930664062,
  "avg_round_communication_mb": 426.75697326660156
}
