{
  "experiment_name": "ham10000_ablation_alpha_10_0",
  "config": "configs/ablations/ham10000_ablation_alpha_10_0.yaml",
  "output_dir": "outputs/ham10000_ablation_alpha_10_0",
  "seed": 2026,
  "classes": [
    "benign",
    "malignant"
  ],
  "rounds": 40,
  "batch_size": 128,
  "image_size": 224,
  "backbone": "resnet18",
  "learning_rate": 0.0001,
  "optimizer": "adam",
  "lr_scheduler": "none",
  "min_lr": 1e-06,
  "model_size_bytes": 44748712,
  "model_size_mb": 42.675697326660156,
  "best_val_accuracy": 0.8851963746223565,
  "best_val_round": 32,
  "test_accuracy_at_best_val": 0.8635907723169508,
  "test_f1_at_best_val": 0.7588875453446191,
  "test_auc_at_best_val": 0.8937410935273383,
  "test_balanced_accuracy_at_best_val": 0.7304901372534314,
  "test_sensitivity_at_best_val": 0.5074626865671642,
  "test_specificity_at_best_val": 0.9535175879396985,
  "test_confidence_accuracy_top30_at_best_val": 0.9933333333333333,
  "test_confidence_accuracy_top50_at_best_val": 0.9799599198396793,
  "test_confidence_accuracy_ge90_at_best_val": 0.9522431259044862,
  "test_confidence_coverage_ge90_at_best_val": 0.6930792377131394,
  "best_test_accuracy": 0.8635907723169508,
  "max_test_accuracy_observed": 0.8736208625877633,
  "test_selection_rule": "validation_best_accuracy_then_auc_then_f1",
  "threshold_tuning": true,
  "threshold_metric": "f1",
  "decision_threshold_at_best_val": 0.72,
  "final_test_auc": 0.8959473986849671,
  "final_test_f1": 0.7693649753749384,
  "final_test_balanced_accuracy": 0.7410685267131678,
  "final_test_sensitivity": 0.527363184079602,
  "final_test_specificity": 0.9547738693467337,
  "privacy_enabled": true,
  "mechanism": "hybrid",
  "privacy_accountant": "hybrid_gaussian_component_approx",
  "privacy_accountant_note": "当前展示的是 Hybrid 中 Gaussian 部分的近似 epsilon。",
  "adaptive_hybrid": true,
  "hybrid_gradient_adaptive": true,
  "hybrid_gradient_sensitivity_scale": 0.02,
  "final_mean_hybrid_alpha": 0.34315958440435723,
  "final_mean_epsilon": 46.93219062926938,
  "final_cumulative_epsilon": 1877.287625170775,
  "avg_round_time_sec": 22.700621289014816,
  "total_communication_bytes": 17899484800,
  "total_communication_mb": 17070.278930664062,
  "avg_round_communication_mb": 426.75697326660156
}
