{
  "experiment_name": "ham10000_ablation_clip_3_0",
  "config": "configs/ablations/ham10000_ablation_clip_3_0.yaml",
  "output_dir": "outputs/ham10000_ablation_clip_3_0",
  "seed": 2026,
  "classes": [
    "benign",
    "malignant"
  ],
  "rounds": 40,
  "batch_size": 128,
  "image_size": 224,
  "backbone": "resnet18",
  "learning_rate": 0.0001,
  "optimizer": "adam",
  "lr_scheduler": "none",
  "min_lr": 1e-06,
  "model_size_bytes": 44748712,
  "model_size_mb": 42.675697326660156,
  "best_val_accuracy": 0.8821752265861027,
  "best_val_round": 31,
  "test_accuracy_at_best_val": 0.8756268806419257,
  "test_f1_at_best_val": 0.7861048056693611,
  "test_auc_at_best_val": 0.8806970174254356,
  "test_balanced_accuracy_at_best_val": 0.7603408835220881,
  "test_sensitivity_at_best_val": 0.5671641791044776,
  "test_specificity_at_best_val": 0.9535175879396985,
  "test_confidence_accuracy_top30_at_best_val": 0.9833333333333333,
  "test_confidence_accuracy_top50_at_best_val": 0.9759519038076152,
  "test_confidence_accuracy_ge90_at_best_val": 0.9288590604026845,
  "test_confidence_coverage_ge90_at_best_val": 0.7472417251755266,
  "best_test_accuracy": 0.8756268806419257,
  "max_test_accuracy_observed": 0.8756268806419257,
  "test_selection_rule": "validation_best_accuracy_then_auc_then_f1",
  "threshold_tuning": true,
  "threshold_metric": "f1",
  "decision_threshold_at_best_val": 0.5599999999999999,
  "final_test_auc": 0.8874596864921622,
  "final_test_f1": 0.7754219543147208,
  "final_test_balanced_accuracy": 0.7713474086852172,
  "final_test_sensitivity": 0.6268656716417911,
  "final_test_specificity": 0.9158291457286433,
  "privacy_enabled": true,
  "mechanism": "hybrid",
  "privacy_accountant": "hybrid_gaussian_component_approx",
  "privacy_accountant_note": "当前展示的是 Hybrid 中 Gaussian 部分的近似 epsilon。",
  "adaptive_hybrid": true,
  "hybrid_gradient_adaptive": true,
  "hybrid_gradient_sensitivity_scale": 0.02,
  "final_mean_hybrid_alpha": 0.3424855031975015,
  "final_mean_epsilon": 54.374894294275734,
  "final_cumulative_epsilon": 2174.995771771028,
  "avg_round_time_sec": 23.489863568544386,
  "total_communication_bytes": 17899484800,
  "total_communication_mb": 17070.278930664062,
  "avg_round_communication_mb": 426.75697326660156
}
