{
  "experiment_name": "ham10000_hybrid",
  "config": "configs/ham10000_hybrid.yaml",
  "output_dir": "outputs/ham10000_hybrid",
  "seed": 2026,
  "classes": [
    "benign",
    "malignant"
  ],
  "rounds": 40,
  "batch_size": 128,
  "image_size": 224,
  "backbone": "resnet18",
  "learning_rate": 0.0001,
  "optimizer": "adam",
  "lr_scheduler": "none",
  "min_lr": 1e-06,
  "model_size_bytes": 44748712,
  "model_size_mb": 42.675697326660156,
  "best_val_accuracy": 0.8892245720040282,
  "best_val_round": 33,
  "test_accuracy_at_best_val": 0.8595787362086259,
  "test_f1_at_best_val": 0.7627158982728138,
  "test_auc_at_best_val": 0.8937567189179729,
  "test_balanced_accuracy_at_best_val": 0.7428529463236581,
  "test_sensitivity_at_best_val": 0.5472636815920398,
  "test_specificity_at_best_val": 0.9384422110552764,
  "test_confidence_accuracy_top30_at_best_val": 0.9966666666666667,
  "test_confidence_accuracy_top50_at_best_val": 0.9759519038076152,
  "test_confidence_accuracy_ge90_at_best_val": 0.9331619537275064,
  "test_confidence_coverage_ge90_at_best_val": 0.7803410230692076,
  "best_test_accuracy": 0.8595787362086259,
  "max_test_accuracy_observed": 0.8796389167502507,
  "test_selection_rule": "validation_best_accuracy_then_auc_then_f1",
  "threshold_tuning": true,
  "threshold_metric": "f1",
  "decision_threshold_at_best_val": 0.37999999999999995,
  "final_test_auc": 0.8850690017250431,
  "final_test_f1": 0.7829352334170019,
  "final_test_balanced_accuracy": 0.7492093552338809,
  "final_test_sensitivity": 0.5323383084577115,
  "final_test_specificity": 0.9660804020100503,
  "privacy_enabled": true,
  "mechanism": "hybrid",
  "privacy_accountant": "hybrid_gaussian_component_approx",
  "privacy_accountant_note": "当前展示的是 Hybrid 中 Gaussian 部分的近似 epsilon。",
  "adaptive_hybrid": true,
  "hybrid_gradient_adaptive": true,
  "hybrid_gradient_sensitivity_scale": 0.02,
  "final_mean_hybrid_alpha": 0.34238456552172825,
  "final_mean_epsilon": 54.374894294275734,
  "final_cumulative_epsilon": 2174.995771771028,
  "avg_round_time_sec": 22.344362020492554,
  "total_communication_bytes": 17899484800,
  "total_communication_mb": 17070.278930664062,
  "avg_round_communication_mb": 426.75697326660156
}
